title,CID,thumbnail
Mandy Moore - When Will My Life Begin? (From "Tangled"/Sing-Along),bafybeidgwvkpuxvxe5aejxozgd5c3r27l4oj34rva2tm5tgdx22vy5s6cm,/rapunzel.jpeg
[MV] IU(아이유) _ BBIBBI(삐삐),bafybeih6rm6n3zibdfczsctr73djeoez53km3wuh5syfp4noilo7ej2hgy,/bbibbi.jpeg
Day6 "Zombie" M/V,bafybeihqlyssv2zdyljfbafdtnlqcxw3kicyf2wnm5otbghif4e3km54mu,/zombie.jpeg
[Original MV] Myth or Treat - Happy Halloween - holoMyth,bafybeige5eg4hg6nkw3ubze36x6hmiwoddz4seig767l6x5rhs42oxvtsa,/holomyth.jpeg
[MV] BOL4(볼빨간사춘기) _ Some(썸 탈꺼야),bafybeibgjdansawxeudbtqvj7dlmowwqsaugqd7mzrf4okr5l5cuemjmzq,/some.jpeg
HI YOUTUBE,bafybeigwiw6ngj5aeqkim27xb5bpgg3pdpuk3xvwypqp3yotf6vun25jnu,/hiyoutube.jpeg
BTS (방탄소년단) 'Dynamite' Official MV,bafybeig4w6vyzgdgujgenmbn6a7pozzfq74ic464mcylly4gspbl2m5hsq,/dynamite.jpeg
Bae can't stop Laughing at Cheese Gura [Hakos Baelz  Gawr Gura],bafybeibxxi3jzpgqvcugfh4qgddvjbdngkud7jlpuofvzpxcibod2boi6i,/bae.jpeg
Komi Can't Communicate Season 2 - Official Trailer  AniTV,bafybeieq4tpjhvinqibhis75ob2gnpskyfkxvhi4sxsqw3xqwbrkjystie,/komi.jpeg
